text,category
Manual de instruções para montagem de móveis.,Casa
Termos de serviço de uma plataforma de software.,Legal
Notícias sobre a nova política econômica do governo.,Política
Guia completo para iniciantes em programação Python.,Tecnologia
Documento legal sobre direitos autorais.,Legal
Contrato de aluguel de imóvel residencial.,Legal
Documento legal sobre direitos autorais.,Legal
Pesquisa sobre o impacto da tecnologia na educação.,Educação
Regulamentação de segurança para veículos autônomos.,Tecnologia
Patente de um novo dispositivo eletrônico.,Tecnologia
Manual de instruções para montagem de móveis.,Casa
Pesquisa sobre o impacto da tecnologia na educação.,Educação
Parecer jurídico sobre um caso de propriedade intelectual.,Legal
Documento legal sobre direitos autorais.,Legal
Estudo sobre a psicologia do consumidor.,Educação
Parecer jurídico sobre um caso de propriedade intelectual.,Legal
Notícias sobre a nova política econômica do governo.,Política
Relatório anual da empresa sobre lucros e perdas.,Finanças
Termos de serviço de uma plataforma de software.,Legal
Patente de um novo dispositivo eletrônico.,Tecnologia
Acordo de confidencialidade para startups de tecnologia.,Legal
Discussão sobre os avanços da medicina e biotecnologia.,Saúde
Parecer jurídico sobre um caso de propriedade intelectual.,Legal
Discussão sobre os avanços da medicina e biotecnologia.,Saúde
Contrato de aluguel de imóvel residencial.,Legal
Acordo de confidencialidade para startups de tecnologia.,Legal
Este documento fala sobre finanças e investimentos.,Finanças
Notícias sobre a nova política econômica do governo.,Política
Pesquisa sobre o impacto da tecnologia na educação.,Educação
Este documento fala sobre finanças e investimentos.,Finanças
Patente de um novo dispositivo eletrônico.,Tecnologia
Notícias sobre a nova política econômica do governo.,Política
Manual de instruções para montagem de móveis.,Casa
Notícias sobre esportes e resultados de jogos.,Esportes
Acordo de confidencialidade para startups de tecnologia.,Legal
Legislação ambiental para empresas de mineração.,Legal
Termos de serviço de uma plataforma de software.,Legal
Relatório anual da empresa sobre lucros e perdas.,Finanças
Patente de um novo dispositivo eletrônico.,Tecnologia
Pesquisa sobre o impacto da tecnologia na educação.,Educação
Notícias sobre esportes e resultados de jogos.,Esportes
Regulamentação de segurança para veículos autônomos.,Tecnologia
Notícias sobre esportes e resultados de jogos.,Esportes
Análise de mercado para o setor de energias renováveis.,Finanças
Este documento fala sobre finanças e investimentos.,Finanças
Patente de um novo dispositivo eletrônico.,Tecnologia
Discussão sobre os avanços da medicina e biotecnologia.,Saúde
Artigo científico sobre inteligência artificial e aprendizado de máquina.,Tecnologia
Termos de serviço de uma plataforma de software.,Legal
Relatório anual da empresa sobre lucros e perdas.,Finanças
Discussão sobre os avanços da medicina e biotecnologia.,Saúde
Notícias sobre a nova política econômica do governo.,Política
Legislação ambiental para empresas de mineração.,Legal
Legislação ambiental para empresas de mineração.,Legal
Discussão sobre os avanços da medicina e biotecnologia.,Saúde
Manual de instruções para montagem de móveis.,Casa
Documento legal sobre direitos autorais.,Legal
Estudo sobre a psicologia do consumidor.,Educação
Legislação ambiental para empresas de mineração.,Legal
Pesquisa sobre o impacto da tecnologia na educação.,Educação
Parecer jurídico sobre um caso de propriedade intelectual.,Legal
Análise de mercado para o setor de energias renováveis.,Finanças
Acordo de confidencialidade para startups de tecnologia.,Legal
Documento legal sobre direitos autorais.,Legal
Documento legal sobre direitos autorais.,Legal
Guia completo para iniciantes em programação Python.,Tecnologia
Este documento fala sobre finanças e investimentos.,Finanças
Acordo de confidencialidade para startups de tecnologia.,Legal
Guia completo para iniciantes em programação Python.,Tecnologia
Análise de mercado para o setor de energias renováveis.,Finanças
Contrato de aluguel de imóvel residencial.,Legal
Estudo sobre a psicologia do consumidor.,Educação
Guia completo para iniciantes em programação Python.,Tecnologia
Notícias sobre esportes e resultados de jogos.,Esportes
Parecer jurídico sobre um caso de propriedade intelectual.,Legal
Discussão sobre os avanços da medicina e biotecnologia.,Saúde
Legislação ambiental para empresas de mineração.,Legal
Acordo de confidencialidade para startups de tecnologia.,Legal
Receita de bolo de chocolate com cobertura de brigadeiro.,Culinária
Relatório anual da empresa sobre lucros e perdas.,Finanças
Pesquisa sobre o impacto da tecnologia na educação.,Educação
Manual de instruções para montagem de móveis.,Casa
Manual de instruções para montagem de móveis.,Casa
Regulamentação de segurança para veículos autônomos.,Tecnologia
Notícias sobre a nova política econômica do governo.,Política
Relatório anual da empresa sobre lucros e perdas.,Finanças
Legislação ambiental para empresas de mineração.,Legal
Receita de bolo de chocolate com cobertura de brigadeiro.,Culinária
Termos de serviço de uma plataforma de software.,Legal
Notícias sobre a nova política econômica do governo.,Política
Notícias sobre esportes e resultados de jogos.,Esportes
Este documento fala sobre finanças e investimentos.,Finanças
Pesquisa sobre o impacto da tecnologia na educação.,Educação
Acordo de confidencialidade para startups de tecnologia.,Legal
Parecer jurídico sobre um caso de propriedade intelectual.,Legal
Receita de bolo de chocolate com cobertura de brigadeiro.,Culinária
Este documento fala sobre finanças e investimentos.,Finanças
Regulamentação de segurança para veículos autônomos.,Tecnologia
Relatório anual da empresa sobre lucros e perdas.,Finanças
Regulamentação de segurança para veículos autônomos.,Tecnologia
Documento legal sobre direitos autorais.,Legal
Análise de mercado para o setor de energias renováveis.,Finanças
Contrato de aluguel de imóvel residencial.,Legal
Artigo científico sobre inteligência artificial e aprendizado de máquina.,Tecnologia
Regulamentação de segurança para veículos autônomos.,Tecnologia
Notícias sobre esportes e resultados de jogos.,Esportes
Contrato de aluguel de imóvel residencial.,Legal
Receita de bolo de chocolate com cobertura de brigadeiro.,Culinária
Este documento fala sobre finanças e investimentos.,Finanças
Notícias sobre a nova política econômica do governo.,Política
Documento legal sobre direitos autorais.,Legal
Guia completo para iniciantes em programação Python.,Tecnologia
Notícias sobre esportes e resultados de jogos.,Esportes
Parecer jurídico sobre um caso de propriedade intelectual.,Legal
Contrato de aluguel de imóvel residencial.,Legal
Este documento fala sobre finanças e investimentos.,Finanças
Manual de instruções para montagem de móveis.,Casa
Discussão sobre os avanços da medicina e biotecnologia.,Saúde
Patente de um novo dispositivo eletrônico.,Tecnologia
Estudo sobre a psicologia do consumidor.,Educação
Estudo sobre a psicologia do consumidor.,Educação
Regulamentação de segurança para veículos autônomos.,Tecnologia
Análise de mercado para o setor de energias renováveis.,Finanças
Documento legal sobre direitos autorais.,Legal
Legislação ambiental para empresas de mineração.,Legal
Termos de serviço de uma plataforma de software.,Legal
Notícias sobre esportes e resultados de jogos.,Esportes
Parecer jurídico sobre um caso de propriedade intelectual.,Legal
Termos de serviço de uma plataforma de software.,Legal
Relatório anual da empresa sobre lucros e perdas.,Finanças
Artigo científico sobre inteligência artificial e aprendizado de máquina.,Tecnologia
Pesquisa sobre o impacto da tecnologia na educação.,Educação
Legislação ambiental para empresas de mineração.,Legal
Contrato de aluguel de imóvel residencial.,Legal
Guia completo para iniciantes em programação Python.,Tecnologia
Estudo sobre a psicologia do consumidor.,Educação
Patente de um novo dispositivo eletrônico.,Tecnologia
Patente de um novo dispositivo eletrônico.,Tecnologia
Contrato de aluguel de imóvel residencial.,Legal
Guia completo para iniciantes em programação Python.,Tecnologia
Análise de mercado para o setor de energias renováveis.,Finanças
Regulamentação de segurança para veículos autônomos.,Tecnologia
Estudo sobre a psicologia do consumidor.,Educação
Guia completo para iniciantes em programação Python.,Tecnologia
Relatório anual da empresa sobre lucros e perdas.,Finanças
Notícias sobre a nova política econômica do governo.,Política
Guia completo para iniciantes em programação Python.,Tecnologia
Regulamentação de segurança para veículos autônomos.,Tecnologia
Pesquisa sobre o impacto da tecnologia na educação.,Educação
Análise de mercado para o setor de energias renováveis.,Finanças
Patente de um novo dispositivo eletrônico.,Tecnologia
Notícias sobre a nova política econômica do governo.,Política
Contrato de aluguel de imóvel residencial.,Legal
Análise de mercado para o setor de energias renováveis.,Finanças
Manual de instruções para montagem de móveis.,Casa
Termos de serviço de uma plataforma de software.,Legal
Guia completo para iniciantes em programação Python.,Tecnologia
Artigo científico sobre inteligência artificial e aprendizado de máquina.,Tecnologia
Receita de bolo de chocolate com cobertura de brigadeiro.,Culinária
Relatório anual da empresa sobre lucros e perdas.,Finanças
